{
  "threshold": 0.5167244404817023,
  "roc_auc": 0.5439850015716169,
  "tpr": 0.019033886085075703,
  "fpr": 0.050215886042695834,
  "f1": 0.016900326483579798,
  "precision": 0.015196868524061708,
  "recall": 0.019033886085075703,
  "target_fpr": 0.05,
  "score_map": {
    "below_threshold": "benign (score < threshold)",
    "above_threshold": "novel_attack (score >= threshold)"
  },
  "mahalanobis": {
    "mean": [
      1.6743175024203083e-07,
      5.77932132728165e-06,
      3.838625559637876e-07,
      -5.0742237363010645e-06,
      4.506134246184956e-06,
      -7.189627012849087e-06,
      4.5803758439433295e-06,
      6.454162303271005e-06,
      -3.591380846046377e-06,
      -6.54534369459725e-06,
      1.8600717339722905e-06,
      -3.798019406531239e-06,
      -3.845057108264882e-06,
      5.14300336362794e-06,
      4.4857342800241895e-06,
      -7.663695214432664e-06
    ],
    "inv_cov": [
      [
        0.15639549689231083,
        -2.4278024849616585e-08,
        -6.592181271288206e-08,
        -1.2679065193834287e-08,
        -3.4936747556590325e-08,
        -4.658821565671762e-08,
        4.4339321036022416e-08,
        -1.3793238632884676e-08,
        1.2495645782223425e-07,
        -3.3682539271452685e-08,
        3.450770702235295e-08,
        5.384416108474957e-08,
        3.3038213294334506e-08,
        7.244960833229648e-09,
        -4.751667630025208e-08,
        -6.289007427575829e-08
      ],
      [
        -2.4278024849616585e-08,
        0.24016601286924263,
        1.3793501467579231e-07,
        1.7945344467195312e-08,
        1.7382773687065092e-08,
        7.289082712614017e-08,
        -4.810459140938359e-08,
        1.1602658854205334e-08,
        -3.8291532274531444e-08,
        -4.788723479516499e-08,
        -6.459291260671827e-08,
        -6.872588716130377e-08,
        -2.1484700520386257e-10,
        -1.3558222324032171e-07,
        1.971652298565997e-07,
        1.8716713574516192e-07
      ],
      [
        -6.592181271288206e-08,
        1.379350146757923e-07,
        0.3187113051901566,
        1.732584480726154e-07,
        1.6502735469938025e-07,
        4.303572219169939e-09,
        -9.139959213103229e-09,
        -3.145437716013111e-08,
        -3.0268791245283405e-08,
        -9.646731211354117e-09,
        1.5977136445887797e-06,
        1.2189002847809642e-06,
        -2.582609755925381e-08,
        1.332340922103811e-08,
        -9.231155505779983e-08,
        -1.9687434836166447e-07
      ],
      [
        -1.2679065193834287e-08,
        1.7945344467195312e-08,
        1.7325844807261546e-07,
        0.36266543797449846,
        -1.5549719682519565e-08,
        1.0300926207985324e-07,
        -3.131158040798449e-07,
        -3.766724165462636e-07,
        1.9498055538828946e-08,
        -2.6825770837363247e-07,
        -2.518867908025897e-07,
        2.76109245865037e-07,
        6.892038406190016e-08,
        -3.5427721731295045e-08,
        -7.246573357393125e-08,
        2.4227515522612293e-07
      ],
      [
        -3.493674755659032e-08,
        1.7382773687065082e-08,
        1.6502735469938025e-07,
        -1.5549719682519558e-08,
        0.47284659396870976,
        1.938056284616118e-08,
        -5.3875562309791115e-08,
        -7.425745977707746e-08,
        -3.743100225887194e-07,
        -2.9211009536220086e-08,
        -1.787763210160869e-07,
        5.2113738612084744e-08,
        2.8678224465863145e-07,
        -3.328163622716975e-08,
        -1.2527398696195913e-07,
        -2.3823188118157316e-07
      ],
      [
        -4.658821565671761e-08,
        7.28908271261402e-08,
        4.303572219169941e-09,
        1.0300926207985324e-07,
        1.9380562846161184e-08,
        0.6285496995465871,
        -2.4220678624780927e-07,
        -4.5920306450827597e-07,
        3.838980122419182e-08,
        -8.466447863669681e-07,
        -1.7370925903781033e-07,
        4.790672315935992e-07,
        1.8425359432456528e-07,
        -8.973775924195266e-08,
        -2.7828875127562744e-07,
        4.1834027231172327e-07
      ],
      [
        4.433932103602243e-08,
        -4.810459140938358e-08,
        -9.139959213103227e-09,
        -3.131158040798448e-07,
        -5.387556230979111e-08,
        -2.422067862478092e-07,
        0.8418441317064257,
        7.393872667439455e-07,
        2.4542564154900775e-07,
        7.770383177020265e-07,
        2.4192657008908467e-07,
        -7.354137179978094e-07,
        -1.5824851751186003e-06,
        3.855865648947031e-07,
        -5.508912223559198e-08,
        -1.4542206485773884e-06
      ],
      [
        -1.3793238632884678e-08,
        1.1602658854205336e-08,
        -3.145437716013111e-08,
        -3.7667241654626364e-07,
        -7.425745977707747e-08,
        -4.59203064508276e-07,
        7.393872667439454e-07,
        0.9050018109207627,
        7.904913936239273e-07,
        8.84151172753966e-07,
        5.210100458586945e-07,
        -9.838225224880428e-07,
        -1.3551028196042965e-06,
        -1.3646956462624572e-07,
        1.9513088829715718e-07,
        -2.013892610295928e-07
      ],
      [
        1.2495645782223427e-07,
        -3.8291532274531444e-08,
        -3.026879124528341e-08,
        1.9498055538828946e-08,
        -3.7431002258871934e-07,
        3.838980122419181e-08,
        2.454256415490077e-07,
        7.904913936239273e-07,
        1.0004857589701817,
        -1.1954582838545898e-06,
        -9.576021009959112e-07,
        4.0349205926405985e-07,
        2.5108918945016183e-07,
        -1.0815684065912478e-07,
        -6.262327243819179e-07,
        -6.57921069516517e-07
      ],
      [
        -3.368253927145268e-08,
        -4.7887234795164976e-08,
        -9.646731211354117e-09,
        -2.682577083736325e-07,
        -2.9211009536220092e-08,
        -8.466447863669682e-07,
        7.770383177020267e-07,
        8.841511727539662e-07,
        -1.1954582838545898e-06,
        1.0576725991017644,
        1.7557643280298646e-07,
        -5.029251993629742e-07,
        -4.0595155804508433e-07,
        3.410465918821742e-07,
        1.292988642195529e-06,
        -1.6328187287791977e-06
      ],
      [
        3.450770702235295e-08,
        -6.459291260671829e-08,
        1.5977136445887795e-06,
        -2.5188679080258946e-07,
        -1.787763210160868e-07,
        -1.7370925903781038e-07,
        2.419265700890847e-07,
        5.210100458586945e-07,
        -9.576021009959112e-07,
        1.7557643280298646e-07,
        1.2274086008152256,
        -7.940581339163069e-07,
        -5.557045418678728e-07,
        -4.3167211824328087e-08,
        3.450509890038687e-07,
        4.117534385655202e-07
      ],
      [
        5.384416108474956e-08,
        -6.872588716130377e-08,
        1.2189002847809642e-06,
        2.7610924586503707e-07,
        5.211373861208474e-08,
        4.790672315935993e-07,
        -7.354137179978091e-07,
        -9.838225224880426e-07,
        4.0349205926405985e-07,
        -5.029251993629741e-07,
        -7.940581339163071e-07,
        1.2505654694136037,
        1.157249964441238e-06,
        -2.0975616331397902e-07,
        -3.594803995196907e-07,
        5.132480363142599e-07
      ],
      [
        3.30382132943345e-08,
        -2.148470052038626e-10,
        -2.5826097559253815e-08,
        6.892038406190015e-08,
        2.867822446586314e-07,
        1.8425359432456528e-07,
        -1.5824851751185996e-06,
        -1.3551028196042967e-06,
        2.510891894501618e-07,
        -4.0595155804508443e-07,
        -5.557045418678728e-07,
        1.1572499644412378e-06,
        1.4648720765103869,
        -2.1042570792243283e-07,
        4.200445046507268e-08,
        5.495182564758173e-07
      ],
      [
        7.244960833229647e-09,
        -1.3558222324032171e-07,
        1.332340922103811e-08,
        -3.542772173129504e-08,
        -3.3281636227169746e-08,
        -8.973775924195264e-08,
        3.8558656489470304e-07,
        -1.364695646262457e-07,
