{
  "cmdi": {
    "precision": 0.7913043478260869,
    "recall": 0.9837837837837838,
    "f1-score": 0.8771084337349397,
    "support": 185.0
  },
  "norm": {
    "precision": 0.9982854693527646,
    "recall": 0.9959375668163353,
    "f1-score": 0.9971101359306432,
    "support": 9354.0
  },
  "path-traversal": {
    "precision": 0.9830508474576272,
    "recall": 1.0,
    "f1-score": 0.9914529914529915,
    "support": 58.0
  },
  "sqli": {
    "precision": 0.9993231046931408,
    "recall": 0.9950572904965176,
    "f1-score": 0.9971856354835078,
    "support": 4451.0
  },
  "xss": {
    "precision": 0.9968274111675127,
    "recall": 0.9936748893105629,
    "f1-score": 0.9952486537852392,
    "support": 1581.0
  },
  "accuracy": 0.9953291957258942,
  "macro avg": {
    "precision": 0.9537582360994264,
    "recall": 0.9936907060814398,
    "f1-score": 0.9716211700774643,
    "support": 15629.0
  },
  "weighted avg": {
    "precision": 0.9959269185406062,
    "recall": 0.9953291957258942,
    "f1-score": 0.9955018830643055,
    "support": 15629.0
  }
}