{
  "overall_accuracy": 0.9953291957258942,
  "weighted_f1": 0.9955018830643055,
  "macro_f1": 0.9716211700774643,
  "inference_time_ms": 0.009915811771912952,
  "total_test_samples": 15629
}